banda_volumen_base,observaciones,volumen_base_mediano,uplift_mediano,roi_mediano,volumen_incremental_mediano
"(1965.94, 2496.72]",409,2220.8,0.403,0.133,1126.3000000000002
"(2496.72, 3055.02]",410,2775.85,0.509,0.123,1783.4
"(3055.02, 3576.92]",409,3326.7,0.549,0.153,2242.4
"(3576.92, 4984.1]",410,3872.3,0.3195,0.128,1578.7857142857142
"(897.499, 1965.94]",410,1659.3,0.402,0.153,818.1857142857141
