subcadena,count,mean,std,min,1%,5%,50%,95%,99%,max
Cadena01,695.0,0.4942071942446043,1.862761947292908,-6.692,-0.88112,-0.6980999999999999,0.103,2.468499999999998,4.806359999999918,26.857
Cadena02,681.0,0.4399074889867841,1.137840112806488,-4.8,-0.8568,-0.707,0.163,2.592,4.429,9.333
Cadena03,686.0,0.3678338192419825,1.1739566680568012,-8.118,-0.8711,-0.72325,0.133,2.412,3.696,11.907
