duracion_dias,count,mean,std,min,1%,5%,50%,95%,99%,max
5,241.0,0.4596929460580913,1.259756347602597,-4.8,-0.8586,-0.684,0.113,2.787,5.262599999999995,6.222
7,619.0,0.4469418416801293,1.3184876461262505,-6.692,-0.87632,-0.7041,0.123,2.596700000000001,4.149060000000004,15.304
10,602.0,0.43858471760797346,1.2131193014565356,-5.091,-0.86094,-0.71365,0.174,2.4077499999999943,4.25,12.125
14,397.0,0.4584181360201512,2.042948471213576,-6.055,-0.88144,-0.719,0.083,2.4205999999999994,4.48764000000003,26.857
21,199.0,0.30452261306532663,1.1007467108539384,-8.118,-0.92674,-0.7112999999999999,0.163,1.9855999999999998,2.7457000000000047,4.522
45,4.0,0.3305,0.7828394897210198,-0.58,-0.55441,-0.45204999999999995,0.2845,1.1774499999999997,1.3018899999999998,1.333
