subcadena,count,mean,median
Cadena01,695,0.4942071942446043,0.103
Cadena02,681,0.4399074889867841,0.163
Cadena03,686,0.3678338192419825,0.133
