banda_descuento,count,mean,median
"(0.05, 0.1]",95,3.6226,3.114
"(0.1, 0.15]",345,1.6856985507246378,1.516
"(0.15, 0.2]",476,0.6436953781512605,0.5785
"(0.2, 0.25]",483,0.019459627329192545,0.009
"(0.25, 0.3]",364,-0.37142307692307697,-0.352
"(0.3, 0.35]",209,-0.6733157894736843,-0.598
"(0.35, 0.4]",80,-0.8113625000000001,-0.7855000000000001
"(0.4, 0.5]",10,-0.5296000000000001,-0.8845000000000001
