banda_descuento_opt,count,mean,std,min,1%,5%,50%,95%,99%,max
"[10%,15%)",341.0,1.724533724340176,1.6795728631219888,-4.8,1.02,1.041,1.543,2.412,8.144200000000215,22.552
"[15%,20%)",477.0,0.6601656184486373,0.674302390704307,-2.133,0.261,0.284,0.586,0.98,2.5444000000000138,9.333
"[20%,25%)",486.0,0.027364197530864196,0.15222290043410425,-0.923,-0.193,-0.178,0.018,0.23625,0.25,1.0
"[25%,30%)",368.0,-0.36711413043478264,0.28716538734811825,-3.143,-1.09461,-0.485,-0.352,-0.214,-0.2,1.055
"[30%,35%)",208.0,-0.670033653846154,0.7636947969073119,-8.118,-4.784120000000001,-0.69795,-0.594,-0.51,-0.5,2.087
"[35%,40%]",84.0,-0.8067261904761904,0.6813170511040154,-6.055,-1.7506199999999996,-0.86355,-0.7805,-0.7146,-0.17186999999999453,2.475
"[5%,10%)",88.0,3.7118977272727274,2.633879757245376,2.545,2.545,2.592,3.172,4.993549999999996,9.280389999999908,26.857
fuera_dominio,10.0,-0.5296000000000001,1.1400705826102757,-0.905,-0.9045500000000001,-0.90275,-0.8845000000000001,1.096799999999996,2.3913600000000006,2.715
