duracion_dias,count,mean,median
5,241,0.4596929460580913,0.113
7,619,0.44694184168012924,0.123
10,602,0.43858471760797346,0.174
14,397,0.45841813602015113,0.083
21,199,0.30452261306532663,0.163
45,4,0.3305,0.2845
