flag_secundario,observaciones,uplift_medio,uplift_mediano,roi_medio,roi_mediano,pct_roi_negativo,descuento_medio,duracion_media
desconocido,59,0.4264576271186441,0.357,0.9001525423728812,0.113,0.3898305084745763,0.2078305084745763,9.694915254237289
no,1381,0.44701737871107894,0.435,0.4224532947139754,0.143,0.42505430847212167,0.2148312816799421,10.441708906589428
si,608,0.4462121710526316,0.434,0.43230592105263155,0.133,0.43256578947368424,0.21488486842105264,10.197368421052632
