periodo,promociones,descuento_medio,descuento_mediano,duracion_media,duracion_mediana,uplift_medio,uplift_mediano,roi_medio,roi_mediano,volumen_base_medio,volumen_base_mediano,elasticidad_media,elasticidad_mediana,pct_roi_negativo,pct_promociones_secundarias,pct_flag_secundario_missing,pct_uplift_en_piso,n_skus,n_cadenas
2024Q3,368,0.21200271739130433,0.207,10.377717391304348,10.0,0.4401413043478261,0.421,0.5298152173913043,0.174,2643.7956521739134,2628.5,-1.9517853260869564,-1.927,0.41304347826086957,0.2717391304347826,0.03260869565217391,0.07608695652173914,13,3
2024Q4,304,0.22142434210526316,0.2155,10.1875,10.0,0.4778453947368422,0.461,0.3014638157894737,0.088,2731.392763157895,2704.55,-1.968345394736842,-1.987,0.4440789473684211,0.29605263157894735,0.029605263157894735,0.05592105263157895,13,3
2025Q1,340,0.21486176470588234,0.215,10.297058823529412,10.0,0.4669352941176471,0.4565,0.4276852941176471,0.103,2749.5779411764706,2786.75,-1.9548147058823528,-1.9505,0.4147058823529412,0.2911764705882353,0.023529411764705882,0.041176470588235294,13,3
2025Q2,332,0.21268072289156625,0.207,10.548192771084338,10.0,0.44410843373493974,0.435,0.4429006024096386,0.1735,2697.8277108433736,2674.3500000000004,-1.9470240963855423,-1.904,0.4036144578313253,0.3042168674698795,0.03313253012048193,0.05120481927710843,13,3
2025Q3,358,0.21287709497206703,0.2075,10.337988826815643,10.0,0.4311564245810056,0.40800000000000003,0.5435782122905027,0.16849999999999998,2872.5111731843576,2933.3,-1.884298882681564,-1.884,0.4134078212290503,0.30446927374301674,0.025139664804469275,0.061452513966480445,15,3
2025Q4,360,0.22026944444444443,0.2215,10.708333333333334,10.0,0.4315527777777778,0.4315,0.3380861111111111,0.036,2940.2447222222227,2928.1499999999996,-1.833375,-1.8330000000000002,0.48055555555555557,0.31666666666666665,0.030555555555555555,0.08055555555555556,15,3
