duracion_dias,observaciones,registros_en_piso,pct_en_piso
10,602,42,0.06976744186046512
7,619,38,0.061389337641357025
14,397,24,0.060453400503778336
5,241,14,0.058091286307053944
21,199,9,0.04522613065326633
45,4,0,0.0
