subcadena,observaciones,registros_en_piso,pct_en_piso
Cadena03,686,47,0.06851311953352769
Cadena01,695,45,0.06474820143884892
Cadena02,681,35,0.0513950073421439
