flag_secundario,observaciones,registros_en_piso,pct_en_piso
si,613,43,0.0701468189233279
desconocido,60,4,0.06666666666666667
no,1389,80,0.05759539236861051
