des_marca,observaciones,registros_en_piso,pct_en_piso
CAT06,38,8,0.21052631578947367
CAT05,39,7,0.1794871794871795
CAT04,307,32,0.10423452768729642
CAT01,765,54,0.07058823529411765
CAT03,465,14,0.030107526881720432
CAT02,448,12,0.026785714285714284
