banda_descuento_opt,observaciones,registros_en_piso,pct_en_piso
"[5%,10%)",88,23,0.26136363636363635
"[10%,15%)",341,52,0.15249266862170088
"[15%,20%)",477,27,0.05660377358490566
"[20%,25%)",486,16,0.03292181069958848
"[25%,30%)",368,8,0.021739130434782608
"[30%,35%)",208,1,0.004807692307692308
"[35%,40%]",84,0,0.0
fuera_dominio,10,0,0.0
